Question,SQL,Result,User_info
How many times was I absent in the Programming Fundamentals course?,"SELECT
  COUNT(T1.status)
FROM Attendance AS T1
INNER JOIN Enrollments AS T2
  ON T1.enrollment_id = T2.enrollment_id
INNER JOIN ClassCourse AS T3
  ON T2.class_course_id = T3.class_course_id
INNER JOIN Courses AS T4
  ON T3.course_id = T4.course_id
WHERE
  T2.student_id = 'HE00001'
  AND T4.course_name = 'Programming Fundamentals'
  AND T1.status = 'Absent';","[
    {
        """": 2
    }
]","Role: Student, ID: HE00001"
How many times have I been absent from the Programming Fundamentals course?,"SELECT
  COUNT(T1.status)
FROM Attendance AS T1
JOIN Enrollments AS T2
  ON T1.enrollment_id = T2.enrollment_id
JOIN ClassCourse AS T3
  ON T2.class_course_id = T3.class_course_id
JOIN Courses AS T4
  ON T3.course_id = T4.course_id
WHERE
  T2.student_id = 'HE00001'
  AND T4.course_name = 'Programming Fundamentals'
  AND T1.status = 'Absent'","[
    {
        """": 2
    }
]","Role: Student, ID: HE00001"
How many unique students are enrolled in the SU24 semester?,"SELECT
    COUNT(DISTINCT T1.student_id)
FROM Enrollments AS T1
JOIN ClassCourse AS T2
    ON T1.class_course_id = T2.class_course_id
WHERE
    T2.semester = 'SU24'","[
    {
        """": 50
    }
]","Role: Training Manager, ID: TM001"
Show me the number of students who passed and failed each course during the Spring 2024 semester.,"SELECT
    C.course_id,
    C.course_name,
    COUNT(CASE WHEN E.status = 'Passed' THEN 1 END) AS passed_count,
    COUNT(CASE WHEN E.status = 'Failed' THEN 1 END) AS failed_count
FROM Enrollments AS E
JOIN ClassCourse AS CC
    ON E.class_course_id = CC.class_course_id
JOIN Courses AS C
    ON CC.course_id = C.course_id
WHERE
    CC.semester = 'SP24'
GROUP BY
    C.course_id,
    C.course_name","[
    {
        ""course_id"": ""CSD201"",
        ""course_name"": ""Data Structures and Algorithms"",
        ""passed_count"": 13,
        ""failed_count"": 4
    },
    {
        ""course_id"": ""DBI202"",
        ""course_name"": ""Database Systems"",
        ""passed_count"": 12,
        ""failed_count"": 4
    },
    {
        ""course_id"": ""MAD101"",
        ""course_name"": ""Mathematics for Developers"",
        ""passed_count"": 7,
        ""failed_count"": 2
    },
    {
        ""course_id"": ""PRF192"",
        ""course_name"": ""Programming Fundamentals"",
        ""passed_count"": 20,
        ""failed_count"": 6
    }
]","Role: Training Manager, ID: TM001"
"For the 'SP24' semester, can you show me the pass and fail counts for each course?","SELECT
  C.course_name,
  COUNT(CASE WHEN E.status = 'Passed' THEN 1 END) AS pass_count,
  COUNT(CASE WHEN E.status = 'Failed' THEN 1 END) AS fail_count
FROM Courses AS C
JOIN ClassCourse AS CC
  ON C.course_id = CC.course_id
JOIN Enrollments AS E
  ON CC.class_course_id = E.class_course_id
WHERE
  CC.semester = 'SP24'
GROUP BY
  C.course_id,
  C.course_name","[
    {
        ""course_name"": ""Data Structures and Algorithms"",
        ""pass_count"": 13,
        ""fail_count"": 4
    },
    {
        ""course_name"": ""Database Systems"",
        ""pass_count"": 12,
        ""fail_count"": 4
    },
    {
        ""course_name"": ""Mathematics for Developers"",
        ""pass_count"": 7,
        ""fail_count"": 2
    },
    {
        ""course_name"": ""Programming Fundamentals"",
        ""pass_count"": 20,
        ""fail_count"": 6
    }
]","Role: Training Manager, ID: TM001"
What are the pass and fail counts for each course offered in the SP24 semester?,"SELECT
  C.course_name,
  COUNT(CASE WHEN E.status = 'Passed' THEN 1 END) AS pass_count,
  COUNT(CASE WHEN E.status = 'Failed' THEN 1 END) AS fail_count
FROM Courses AS C
JOIN ClassCourse AS CC
  ON C.course_id = CC.course_id
JOIN Enrollments AS E
  ON CC.class_course_id = E.class_course_id
WHERE
  CC.semester = 'SP24'
GROUP BY
  C.course_id,
  C.course_name","[
    {
        ""course_name"": ""Data Structures and Algorithms"",
        ""pass_count"": 13,
        ""fail_count"": 4
    },
    {
        ""course_name"": ""Database Systems"",
        ""pass_count"": 12,
        ""fail_count"": 4
    },
    {
        ""course_name"": ""Mathematics for Developers"",
        ""pass_count"": 7,
        ""fail_count"": 2
    },
    {
        ""course_name"": ""Programming Fundamentals"",
        ""pass_count"": 20,
        ""fail_count"": 6
    }
]","Role: Training Manager, ID: TM001"
"Could you list all the dates I was marked absent, along with the name of the course for each absence?","SELECT
  C.course_name,
  S.start_time
FROM Attendance AS A
JOIN Enrollments AS E
  ON A.enrollment_id = E.enrollment_id
JOIN Schedules AS S
  ON A.schedule_id = S.schedule_id
JOIN ClassCourse AS CC
  ON S.class_course_id = CC.class_course_id
JOIN Courses AS C
  ON CC.course_id = C.course_id
WHERE
  E.student_id = 'HE00001' AND A.status = 'Absent';","[
    {
        ""course_name"": ""Artificial Intelligence and Machine Learning"",
        ""start_time"": ""2024-05-27 07:30:00""
    },
    {
        ""course_name"": ""Data Structures and Algorithms"",
        ""start_time"": ""2024-02-06 07:30:00""
    },
    {
        ""course_name"": ""Natural Language Processing"",
        ""start_time"": ""2024-05-14 07:30:00""
    },
    {
        ""course_name"": ""Programming Fundamentals"",
        ""start_time"": ""2024-01-22 07:30:00""
    },
    {
        ""course_name"": ""Programming Fundamentals"",
        ""start_time"": ""2024-02-26 07:30:00""
    }
]","Role: Student, ID: HE00001"
"Could you provide a count of students who have passed, failed, and are still studying for each course in the SU24 semester?","SELECT
  C.course_name,
  E.status,
  COUNT(E.student_id) AS number_of_students
FROM Enrollments AS E
JOIN ClassCourse AS CC
  ON E.class_course_id = CC.class_course_id
JOIN Courses AS C
  ON CC.course_id = C.course_id
WHERE
  CC.semester = 'SU24'
GROUP BY
  C.course_name,
  E.status","[
    {
        ""course_name"": ""Artificial Intelligence and Machine Learning"",
        ""status"": ""Studying"",
        ""number_of_students"": 13
    },
    {
        ""course_name"": ""Information Assurance and Security"",
        ""status"": ""Studying"",
        ""number_of_students"": 12
    },
    {
        ""course_name"": ""Natural Language Processing"",
        ""status"": ""Studying"",
        ""number_of_students"": 13
    },
    {
        ""course_name"": ""Network Security"",
        ""status"": ""Studying"",
        ""number_of_students"": 12
    },
    {
        ""course_name"": ""Operating Systems"",
        ""status"": ""Studying"",
        ""number_of_students"": 12
    },
    {
        ""course_name"": ""Software Engineering Principles"",
        ""status"": ""Studying"",
        ""number_of_students"": 13
    },
    {
        ""course_name"": ""Software Project Management"",
        ""status"": ""Studying"",
        ""number_of_students"": 13
    },
    {
        ""course_name"": ""Theory of Computation"",
        ""status"": ""Studying"",
        ""number_of_students"": 12
    }
]","Role: Training Manager, ID: TM001"
"What is the average grade for each course, and how many students have completed it?","SELECT
  C.course_name,
  AVG(E.average) AS average_grade,
  COUNT(E.student_id) AS number_of_students
FROM Enrollments AS E
JOIN ClassCourse AS CC
  ON E.class_course_id = CC.class_course_id
JOIN Courses AS C
  ON CC.course_id = C.course_id
WHERE
  E.status IN ('Passed', 'Failed')
GROUP BY
  C.course_id,
  C.course_name","[
    {
        ""course_name"": ""Data Structures and Algorithms"",
        ""average_grade"": 6.711764705882352,
        ""number_of_students"": 17
    },
    {
        ""course_name"": ""Database Systems"",
        ""average_grade"": 6.56875,
        ""number_of_students"": 16
    },
    {
        ""course_name"": ""Mathematics for Developers"",
        ""average_grade"": 6.755555555555556,
        ""number_of_students"": 9
    },
    {
        ""course_name"": ""Programming Fundamentals"",
        ""average_grade"": 6.538461538461538,
        ""number_of_students"": 26
    }
]","Role: Training Manager, ID: TM001"
"What courses did I take in the SP24 semester, and what was my final average grade for each?","SELECT
  C.course_name,
  E.average
FROM Enrollments AS E
JOIN ClassCourse AS CC
  ON E.class_course_id = CC.class_course_id
JOIN Courses AS C
  ON CC.course_id = C.course_id
WHERE
  E.student_id = 'HE00001'
  AND CC.semester = 'SP24'","[
    {
        ""course_name"": ""Data Structures and Algorithms"",
        ""average"": 8.0
    },
    {
        ""course_name"": ""Programming Fundamentals"",
        ""average"": 7.5
    }
]","Role: Student, ID: HE00001"
Show my absence count for each of my completed courses.,"SELECT
  C.course_name,
  COUNT(A.status) AS number_of_absences
FROM Enrollments AS E
JOIN ClassCourse AS CC
  ON E.class_course_id = CC.class_course_id
JOIN Courses AS C
  ON CC.course_id = C.course_id
JOIN Attendance AS A
  ON E.enrollment_id = A.enrollment_id
WHERE
  E.student_id = 'HE00001'
  AND E.status IN ('Passed', 'Failed')
  AND A.status = 'Absent'
GROUP BY
  C.course_name","[
    {
        ""course_name"": ""Data Structures and Algorithms"",
        ""number_of_absences"": 1
    },
    {
        ""course_name"": ""Programming Fundamentals"",
        ""number_of_absences"": 2
    }
]","Role: Student, ID: HE00001"
What are the pass and fail counts for each course?,"SELECT
  C.course_name,
  SUM(CASE WHEN E.status = 'Passed' THEN 1 ELSE 0 END) AS passed_count,
  SUM(CASE WHEN E.status = 'Failed' THEN 1 ELSE 0 END) AS failed_count
FROM Courses AS C
LEFT JOIN ClassCourse AS CC
  ON C.course_id = CC.course_id
LEFT JOIN Enrollments AS E
  ON CC.class_course_id = E.class_course_id
WHERE
  E.status IN ('Passed', 'Failed')
GROUP BY
  C.course_name","[
    {
        ""course_name"": ""Data Structures and Algorithms"",
        ""passed_count"": 13,
        ""failed_count"": 4
    },
    {
        ""course_name"": ""Database Systems"",
        ""passed_count"": 12,
        ""failed_count"": 4
    },
    {
        ""course_name"": ""Mathematics for Developers"",
        ""passed_count"": 7,
        ""failed_count"": 2
    },
    {
        ""course_name"": ""Programming Fundamentals"",
        ""passed_count"": 20,
        ""failed_count"": 6
    }
]","Role: Training Manager, ID: TM001"
How many students are enrolled in each of my classes for the SU24 semester?,"SELECT
  C.course_name,
  Cl.class_name,
  COUNT(E.student_id) AS number_of_students
FROM ClassCourse AS CC
JOIN Courses AS C
  ON CC.course_id = C.course_id
JOIN Classes AS Cl
  ON CC.class_id = Cl.class_id
JOIN Enrollments AS E
  ON CC.class_course_id = E.class_course_id
WHERE
  CC.lecturer_id = 'LEC001'
  AND CC.semester = 'SU24'
GROUP BY
  C.course_name,
  Cl.class_name;","[
    {
        ""course_name"": ""Information Assurance and Security"",
        ""class_name"": ""IA01"",
        ""number_of_students"": 4
    },
    {
        ""course_name"": ""Theory of Computation"",
        ""class_name"": ""CS02"",
        ""number_of_students"": 8
    }
]","Role: Lecturer, ID: LEC001"
"What is the average grade for each course, and which 3 courses have the highest averages?","SELECT TOP 3 WITH TIES
    C.course_name,
    AVG(E.average) AS average_grade
FROM Enrollments AS E
JOIN ClassCourse AS CC
    ON E.class_course_id = CC.class_course_id
JOIN Courses AS C
    ON CC.course_id = C.course_id
WHERE 
        E.status IN ('Passed', 'Failed')
GROUP BY
    C.course_name
ORDER BY
    average_grade DESC;
","[
    {
        ""course_name"": ""Mathematics for Developers"",
        ""average_grade"": 6.755555555555556
    },
    {
        ""course_name"": ""Data Structures and Algorithms"",
        ""average_grade"": 6.711764705882352
    },
    {
        ""course_name"": ""Database Systems"",
        ""average_grade"": 6.56875
    }
]","Role: Training Manager, ID: TM001"
Can you show me the top 3 courses with the highest average grades across all students?,"SELECT TOP 3 WITH TIES
    C.course_name,
    AVG(E.average) AS average_grade
FROM Enrollments AS E
JOIN ClassCourse AS CC
    ON E.class_course_id = CC.class_course_id
JOIN Courses AS C
    ON CC.course_id = C.course_id
WHERE 
        E.status IN ('Passed', 'Failed')
GROUP BY
    C.course_name
ORDER BY
    average_grade DESC;
","[
    {
        ""course_name"": ""Mathematics for Developers"",
        ""average_grade"": 6.755555555555556
    },
    {
        ""course_name"": ""Data Structures and Algorithms"",
        ""average_grade"": 6.711764705882352
    },
    {
        ""course_name"": ""Database Systems"",
        ""average_grade"": 6.56875
    }
]","Role: Training Manager, ID: TM001"
Show me the top 3 courses with the highest number of failed students.,"SELECT TOP 3 WITH TIES
  C.course_name,
  COUNT(E.enrollment_id) AS number_of_failures
FROM Enrollments AS E
JOIN ClassCourse AS CC
  ON E.class_course_id = CC.class_course_id
JOIN Courses AS C
  ON CC.course_id = C.course_id
WHERE
  E.status = 'Failed'
GROUP BY
  C.course_name
ORDER BY
  number_of_failures DESC","[
    {
        ""course_name"": ""Programming Fundamentals"",
        ""number_of_failures"": 6
    },
    {
        ""course_name"": ""Data Structures and Algorithms"",
        ""number_of_failures"": 4
    },
    {
        ""course_name"": ""Database Systems"",
        ""number_of_failures"": 4
    }
]","Role: Training Manager, ID: TM001"
How many lecturers are in each department?,"SELECT
    D.dep_name,
    COUNT(L.lecturer_id) AS number_of_lecturers
FROM
    Departments AS D
JOIN
    Lecturers AS L ON D.dep_id = L.dep_id
GROUP BY
    D.dep_name","[
    {
        ""dep_name"": ""Artificial Intelligence"",
        ""number_of_lecturers"": 3
    },
    {
        ""dep_name"": ""Computing Fundamental"",
        ""number_of_lecturers"": 2
    },
    {
        ""dep_name"": ""Information Assurance"",
        ""number_of_lecturers"": 2
    },
    {
        ""dep_name"": ""Software Engineering"",
        ""number_of_lecturers"": 3
    }
]","Role: Training Manager, ID: TM001"
"Can you provide a count of how many lecturers are in each department, and show the department name?","SELECT
  D.dep_name,
  COUNT(L.lecturer_id) AS number_of_lecturers
FROM Departments AS D
JOIN Lecturers AS L
  ON D.dep_id = L.dep_id
GROUP BY
  D.dep_name","[
    {
        ""dep_name"": ""Artificial Intelligence"",
        ""number_of_lecturers"": 3
    },
    {
        ""dep_name"": ""Computing Fundamental"",
        ""number_of_lecturers"": 2
    },
    {
        ""dep_name"": ""Information Assurance"",
        ""number_of_lecturers"": 2
    },
    {
        ""dep_name"": ""Software Engineering"",
        ""number_of_lecturers"": 3
    }
]","Role: Training Manager, ID: TM001"
"How many lecturers are in each department? Please list the department name and the total count, ordered from most to least.","SELECT
    D.dep_name,
    COUNT(L.lecturer_id) AS number_of_lecturers
FROM
    Departments AS D
JOIN
    Lecturers AS L ON D.dep_id = L.dep_id
GROUP BY
    D.dep_id, D.dep_name
ORDER BY
    number_of_lecturers DESC","[
    {
        ""dep_name"": ""Artificial Intelligence"",
        ""number_of_lecturers"": 3
    },
    {
        ""dep_name"": ""Software Engineering"",
        ""number_of_lecturers"": 3
    },
    {
        ""dep_name"": ""Computing Fundamental"",
        ""number_of_lecturers"": 2
    },
    {
        ""dep_name"": ""Information Assurance"",
        ""number_of_lecturers"": 2
    }
]","Role: Training Manager, ID: TM001"
"Can you show me a count of how many lecturers are in each department, sorted from most to least?","SELECT
    D.dep_name,
    COUNT(L.lecturer_id) AS number_of_lecturers
FROM Departments AS D
LEFT JOIN Lecturers AS L
    ON D.dep_id = L.dep_id
GROUP BY
    D.dep_name
ORDER BY
    number_of_lecturers DESC","[
    {
        ""dep_name"": ""Artificial Intelligence"",
        ""number_of_lecturers"": 3
    },
    {
        ""dep_name"": ""Software Engineering"",
        ""number_of_lecturers"": 3
    },
    {
        ""dep_name"": ""Computing Fundamental"",
        ""number_of_lecturers"": 2
    },
    {
        ""dep_name"": ""Information Assurance"",
        ""number_of_lecturers"": 2
    }
]","Role: Training Manager, ID: TM001"
"Can you show me a list of all lecturers, including their full names and the departments they work for?","SELECT
  U.fullname,
  D.dep_name
FROM Lecturers AS L
JOIN Users AS U
  ON L.lecturer_id = U.user_id
JOIN Departments AS D
  ON L.dep_id = D.dep_id","[
    {
        ""fullname"": ""Nguyễn Văn Bình"",
        ""dep_name"": ""Artificial Intelligence""
    },
    {
        ""fullname"": ""Nguyễn Thị Hoàng"",
        ""dep_name"": ""Software Engineering""
    },
    {
        ""fullname"": ""Trần Đức Trung"",
        ""dep_name"": ""Computing Fundamental""
    },
    {
        ""fullname"": ""Phạm Hoài Linh"",
        ""dep_name"": ""Information Assurance""
    },
    {
        ""fullname"": ""Đỗ Việt Anh"",
        ""dep_name"": ""Artificial Intelligence""
    },
    {
        ""fullname"": ""Trần Thị Mai"",
        ""dep_name"": ""Software Engineering""
    },
    {
        ""fullname"": ""Lê Hoàng Long"",
        ""dep_name"": ""Computing Fundamental""
    },
    {
        ""fullname"": ""Vũ Phương Quyên"",
        ""dep_name"": ""Information Assurance""
    },
    {
        ""fullname"": ""Hoàng Việt Sơn"",
        ""dep_name"": ""Artificial Intelligence""
    },
    {
        ""fullname"": ""Hồ Thị Phương Thảo"",
        ""dep_name"": ""Software Engineering""
    }
]","Role: Training Manager, ID: TM001"
Which lecturers are teaching the most classes in the SU24 semester? Please list them.,"SELECT TOP 1 WITH TIES
  U.fullname,
  COUNT(CC.class_course_id) AS class_count
FROM ClassCourse AS CC
JOIN Lecturers AS L
  ON CC.lecturer_id = L.lecturer_id
JOIN Users AS U
  ON L.lecturer_id = U.user_id
WHERE
  CC.semester = 'SU24'
GROUP BY
  U.fullname","Lỗi SQL: ('42000', '[42000] [Microsoft][ODBC Driver 17 for SQL Server][SQL Server]The TOP N WITH TIES clause is not allowed without a corresponding ORDER BY clause. (1062) (SQLExecDirectW)')","Role: Training Manager, ID: TM001"
How many courses did each lecturer teach in the SU24 semester? List their names and the course count.,"SELECT
    U.fullname,
    COUNT(CC.course_id) AS course_count
FROM Lecturers AS L
JOIN Users AS U
    ON L.lecturer_id = U.user_id
JOIN ClassCourse AS CC
    ON L.lecturer_id = CC.lecturer_id
WHERE
    CC.semester = 'SU24'
GROUP BY
    U.fullname","[
    {
        ""fullname"": ""Đỗ Việt Anh"",
        ""course_count"": 1
    },
    {
        ""fullname"": ""Hồ Thị Phương Thảo"",
        ""course_count"": 1
    },
    {
        ""fullname"": ""Hoàng Việt Sơn"",
        ""course_count"": 1
    },
    {
        ""fullname"": ""Lê Hoàng Long"",
        ""course_count"": 2
    },
    {
        ""fullname"": ""Nguyễn Thị Hoàng"",
        ""course_count"": 2
    },
    {
        ""fullname"": ""Nguyễn Văn Bình"",
        ""course_count"": 2
    },
    {
        ""fullname"": ""Phạm Hoài Linh"",
        ""course_count"": 2
    },
    {
        ""fullname"": ""Trần Đức Trung"",
        ""course_count"": 2
    },
    {
        ""fullname"": ""Trần Thị Mai"",
        ""course_count"": 1
    },
    {
        ""fullname"": ""Vũ Phương Quyên"",
        ""course_count"": 2
    }
]","Role: Training Manager, ID: TM001"
"Which of my students scored higher than an 8.0 average, and in which course did they achieve it?","SELECT
  U.fullname,
  C.course_name,
  E.average
FROM Enrollments AS E
JOIN ClassCourse AS CC
  ON E.class_course_id = CC.class_course_id
JOIN Users AS U
  ON E.student_id = U.user_id
JOIN Courses AS C
  ON CC.course_id = C.course_id
WHERE
  CC.lecturer_id = 'LEC001'
  AND E.average > 8.0;","[
    {
        ""fullname"": ""Lê Văn Cường"",
        ""course_name"": ""Programming Fundamentals"",
        ""average"": 8.8
    },
    {
        ""fullname"": ""Hoàng Minh Đức"",
        ""course_name"": ""Programming Fundamentals"",
        ""average"": 8.8
    }
]","Role: Lecturer, ID: LEC001"
"Show me the top 3 students with the highest overall average grade, along with their major.","SELECT TOP 3 WITH TIES
  U.fullname,
  M.major_name,
  AVG(E.average) AS overall_average_grade
FROM Enrollments AS E
JOIN Students AS S
  ON E.student_id = S.student_id
JOIN Users AS U
  ON S.student_id = U.user_id
JOIN Majors AS M
  ON S.major_id = M.major_id
WHERE 
        E.status IN ('Passed', 'Failed')
GROUP BY
  U.fullname,
  M.major_name
ORDER BY
  overall_average_grade DESC","[
    {
        ""fullname"": ""Mai Bảo Châu"",
        ""major_name"": ""Computer Science"",
        ""overall_average_grade"": 9.25
    },
    {
        ""fullname"": ""Nguyễn Phương Linh"",
        ""major_name"": ""Software Engineering"",
        ""overall_average_grade"": 9.2
    },
    {
        ""fullname"": ""Hồ Đức Anh"",
        ""major_name"": ""Computer Science"",
        ""overall_average_grade"": 9.15
    }
]","Role: Training Manager, ID: TM001"
Who are the top 3 students with the highest overall average grades across all their courses?,"SELECT TOP 3 WITH TIES
    U.fullname,
    AVG(E.average) AS overall_average_grade
FROM Enrollments AS E
JOIN Students AS S
    ON E.student_id = S.student_id
JOIN Users AS U
    ON S.student_id = U.user_id
WHERE 
        E.status IN ('Passed', 'Failed')
GROUP BY
    U.user_id,
    U.fullname
ORDER BY
    overall_average_grade DESC","[
    {
        ""fullname"": ""Mai Bảo Châu"",
        ""overall_average_grade"": 9.25
    },
    {
        ""fullname"": ""Nguyễn Phương Linh"",
        ""overall_average_grade"": 9.2
    },
    {
        ""fullname"": ""Hồ Đức Anh"",
        ""overall_average_grade"": 9.15
    }
]","Role: Training Manager, ID: TM001"
Show me the top 3 students with the lowest overall average grades.,"SELECT TOP 3 WITH TIES
  U.fullname,
  S.student_id,
  AVG(E.average) AS overall_average_grade
FROM Students AS S
JOIN Users AS U
  ON S.student_id = U.user_id
JOIN Enrollments AS E
  ON S.student_id = E.student_id
WHERE 
  E.status IN ('Passed', 'Failed')
GROUP BY
  S.student_id,
  U.fullname
ORDER BY
  overall_average_grade ASC","[
    {
        ""fullname"": ""Lý Hoàng Nam"",
        ""student_id"": ""HE00045"",
        ""overall_average_grade"": 3.7
    },
    {
        ""fullname"": ""Vương Thị Uyên"",
        ""student_id"": ""HE00020"",
        ""overall_average_grade"": 4.15
    },
    {
        ""fullname"": ""Phan Văn Sơn"",
        ""student_id"": ""HE00015"",
        ""overall_average_grade"": 4.25
    },
    {
        ""fullname"": ""Đặng Văn Khánh"",
        ""student_id"": ""HE00007"",
        ""overall_average_grade"": 4.25
    }
]","Role: Training Manager, ID: TM001"
"Can you give me a count of courses assigned to each lecturer, ordered from most to least?","SELECT
    U.fullname,
    COUNT(CC.course_id) AS course_count
FROM Lecturers AS L
JOIN Users AS U
    ON L.lecturer_id = U.user_id
JOIN ClassCourse AS CC
    ON L.lecturer_id = CC.lecturer_id
GROUP BY
    U.fullname
ORDER BY
    course_count DESC;","[
    {
        ""fullname"": ""Nguyễn Thị Hoàng"",
        ""course_count"": 4
    },
    {
        ""fullname"": ""Nguyễn Văn Bình"",
        ""course_count"": 4
    },
    {
        ""fullname"": ""Phạm Hoài Linh"",
        ""course_count"": 3
    },
    {
        ""fullname"": ""Trần Đức Trung"",
        ""course_count"": 3
    },
    {
        ""fullname"": ""Trần Thị Mai"",
        ""course_count"": 3
    },
    {
        ""fullname"": ""Vũ Phương Quyên"",
        ""course_count"": 3
    },
    {
        ""fullname"": ""Đỗ Việt Anh"",
        ""course_count"": 3
    },
    {
        ""fullname"": ""Hồ Thị Phương Thảo"",
        ""course_count"": 3
    },
    {
        ""fullname"": ""Hoàng Việt Sơn"",
        ""course_count"": 3
    },
    {
        ""fullname"": ""Lê Hoàng Long"",
        ""course_count"": 3
    }
]","Role: Training Manager, ID: TM001"
"Show me the number of classes each lecturer is teaching in the SU24 semester, sorted from most to least.","SELECT
  U.fullname,
  COUNT(CC.class_course_id) AS class_count
FROM ClassCourse AS CC
JOIN Lecturers AS L
  ON CC.lecturer_id = L.lecturer_id
JOIN Users AS U
  ON L.lecturer_id = U.user_id
WHERE
  CC.semester = 'SU24'
GROUP BY
  U.user_id,
  U.fullname
ORDER BY
  class_count DESC;","[
    {
        ""fullname"": ""Nguyễn Văn Bình"",
        ""class_count"": 2
    },
    {
        ""fullname"": ""Nguyễn Thị Hoàng"",
        ""class_count"": 2
    },
    {
        ""fullname"": ""Phạm Hoài Linh"",
        ""class_count"": 2
    },
    {
        ""fullname"": ""Lê Hoàng Long"",
        ""class_count"": 2
    },
    {
        ""fullname"": ""Vũ Phương Quyên"",
        ""class_count"": 2
    },
    {
        ""fullname"": ""Trần Đức Trung"",
        ""class_count"": 2
    },
    {
        ""fullname"": ""Đỗ Việt Anh"",
        ""class_count"": 1
    },
    {
        ""fullname"": ""Hoàng Việt Sơn"",
        ""class_count"": 1
    },
    {
        ""fullname"": ""Hồ Thị Phương Thảo"",
        ""class_count"": 1
    },
    {
        ""fullname"": ""Trần Thị Mai"",
        ""class_count"": 1
    }
]","Role: Training Manager, ID: TM001"
How many classes is each lecturer teaching in the SU24 semester? Please list them from most to least.,"SELECT
  U.fullname,
  COUNT(CC.class_course_id) AS class_count
FROM ClassCourse AS CC
JOIN Users AS U
  ON CC.lecturer_id = U.user_id
WHERE
  CC.semester = 'SU24'
GROUP BY
  U.user_id,
  U.fullname
ORDER BY
  class_count DESC","[
    {
        ""fullname"": ""Nguyễn Văn Bình"",
        ""class_count"": 2
    },
    {
        ""fullname"": ""Nguyễn Thị Hoàng"",
        ""class_count"": 2
    },
    {
        ""fullname"": ""Phạm Hoài Linh"",
        ""class_count"": 2
    },
    {
        ""fullname"": ""Lê Hoàng Long"",
        ""class_count"": 2
    },
    {
        ""fullname"": ""Vũ Phương Quyên"",
        ""class_count"": 2
    },
    {
        ""fullname"": ""Trần Đức Trung"",
        ""class_count"": 2
    },
    {
        ""fullname"": ""Đỗ Việt Anh"",
        ""class_count"": 1
    },
    {
        ""fullname"": ""Hoàng Việt Sơn"",
        ""class_count"": 1
    },
    {
        ""fullname"": ""Hồ Thị Phương Thảo"",
        ""class_count"": 1
    },
    {
        ""fullname"": ""Trần Thị Mai"",
        ""class_count"": 1
    }
]","Role: Training Manager, ID: TM001"
Which lecturers are teaching the most courses across all semesters? List the top 3.,"SELECT TOP 3 WITH TIES
  U.fullname,
  COUNT(CC.class_course_id) AS course_count
FROM ClassCourse AS CC
JOIN Lecturers AS L
  ON CC.lecturer_id = L.lecturer_id
JOIN Users AS U
  ON L.lecturer_id = U.user_id
GROUP BY
  U.fullname
ORDER BY
  course_count DESC","[
    {
        ""fullname"": ""Nguyễn Thị Hoàng"",
        ""course_count"": 4
    },
    {
        ""fullname"": ""Nguyễn Văn Bình"",
        ""course_count"": 4
    },
    {
        ""fullname"": ""Phạm Hoài Linh"",
        ""course_count"": 3
    },
    {
        ""fullname"": ""Trần Đức Trung"",
        ""course_count"": 3
    },
    {
        ""fullname"": ""Trần Thị Mai"",
        ""course_count"": 3
    },
    {
        ""fullname"": ""Vũ Phương Quyên"",
        ""course_count"": 3
    },
    {
        ""fullname"": ""Đỗ Việt Anh"",
        ""course_count"": 3
    },
    {
        ""fullname"": ""Hồ Thị Phương Thảo"",
        ""course_count"": 3
    },
    {
        ""fullname"": ""Hoàng Việt Sơn"",
        ""course_count"": 3
    },
    {
        ""fullname"": ""Lê Hoàng Long"",
        ""course_count"": 3
    }
]","Role: Training Manager, ID: TM001"
"Can you list all lecturers, the department they work for, and the total number of classes they are currently assigned?","SELECT
    U.fullname,
    D.dep_name,
    COUNT(CC.class_course_id) AS number_of_classes_assigned
FROM Lecturers AS L
JOIN Users AS U
    ON L.lecturer_id = U.user_id
JOIN Departments AS D
    ON L.dep_id = D.dep_id
JOIN ClassCourse AS CC
    ON L.lecturer_id = CC.lecturer_id
WHERE CC.semester = 'SU24'
GROUP BY
    U.fullname,
    D.dep_name","[
    {
        ""fullname"": ""Đỗ Việt Anh"",
        ""dep_name"": ""Artificial Intelligence"",
        ""number_of_classes_assigned"": 1
    },
    {
        ""fullname"": ""Hoàng Việt Sơn"",
        ""dep_name"": ""Artificial Intelligence"",
        ""number_of_classes_assigned"": 1
    },
    {
        ""fullname"": ""Nguyễn Văn Bình"",
        ""dep_name"": ""Artificial Intelligence"",
        ""number_of_classes_assigned"": 2
    },
    {
        ""fullname"": ""Lê Hoàng Long"",
        ""dep_name"": ""Computing Fundamental"",
        ""number_of_classes_assigned"": 2
    },
    {
        ""fullname"": ""Trần Đức Trung"",
        ""dep_name"": ""Computing Fundamental"",
        ""number_of_classes_assigned"": 2
    },
    {
        ""fullname"": ""Phạm Hoài Linh"",
        ""dep_name"": ""Information Assurance"",
        ""number_of_classes_assigned"": 2
    },
    {
        ""fullname"": ""Vũ Phương Quyên"",
        ""dep_name"": ""Information Assurance"",
        ""number_of_classes_assigned"": 2
    },
    {
        ""fullname"": ""Hồ Thị Phương Thảo"",
        ""dep_name"": ""Software Engineering"",
        ""number_of_classes_assigned"": 1
    },
    {
        ""fullname"": ""Nguyễn Thị Hoàng"",
        ""dep_name"": ""Software Engineering"",
        ""number_of_classes_assigned"": 2
    },
    {
        ""fullname"": ""Trần Thị Mai"",
        ""dep_name"": ""Software Engineering"",
        ""number_of_classes_assigned"": 1
    }
]","Role: Training Manager, ID: TM001"
"Show me a list of all lecturers, their department, and the total number of classes they are assigned to teach.","SELECT
  U.fullname,
  D.dep_name,
  COUNT(CC.class_course_id) AS number_of_classes
FROM Lecturers AS L
JOIN Users AS U
  ON L.lecturer_id = U.user_id
JOIN Departments AS D
  ON L.dep_id = D.dep_id
LEFT JOIN ClassCourse AS CC
  ON L.lecturer_id = CC.lecturer_id
GROUP BY
  L.lecturer_id,
  U.fullname,
  D.dep_name","[
    {
        ""fullname"": ""Nguyễn Văn Bình"",
        ""dep_name"": ""Artificial Intelligence"",
        ""number_of_classes"": 4
    },
    {
        ""fullname"": ""Nguyễn Thị Hoàng"",
        ""dep_name"": ""Software Engineering"",
        ""number_of_classes"": 4
    },
    {
        ""fullname"": ""Trần Đức Trung"",
        ""dep_name"": ""Computing Fundamental"",
        ""number_of_classes"": 3
    },
    {
        ""fullname"": ""Phạm Hoài Linh"",
        ""dep_name"": ""Information Assurance"",
        ""number_of_classes"": 3
    },
    {
        ""fullname"": ""Đỗ Việt Anh"",
        ""dep_name"": ""Artificial Intelligence"",
        ""number_of_classes"": 3
    },
    {
        ""fullname"": ""Trần Thị Mai"",
        ""dep_name"": ""Software Engineering"",
        ""number_of_classes"": 3
    },
    {
        ""fullname"": ""Lê Hoàng Long"",
        ""dep_name"": ""Computing Fundamental"",
        ""number_of_classes"": 3
    },
    {
        ""fullname"": ""Vũ Phương Quyên"",
        ""dep_name"": ""Information Assurance"",
        ""number_of_classes"": 3
    },
    {
        ""fullname"": ""Hoàng Việt Sơn"",
        ""dep_name"": ""Artificial Intelligence"",
        ""number_of_classes"": 3
    },
    {
        ""fullname"": ""Hồ Thị Phương Thảo"",
        ""dep_name"": ""Software Engineering"",
        ""number_of_classes"": 3
    }
]","Role: Training Manager, ID: TM001"
"Can you show me a count of classes assigned to each lecturer, along with their name and department?","SELECT
  U.fullname,
  D.dep_name,
  COUNT(CC.class_course_id) AS number_of_classes
FROM ClassCourse AS CC
JOIN Lecturers AS L
  ON CC.lecturer_id = L.lecturer_id
JOIN Users AS U
  ON L.lecturer_id = U.user_id
JOIN Departments AS D
  ON L.dep_id = D.dep_id
GROUP BY
  U.fullname,
  D.dep_name","[
    {
        ""fullname"": ""Đỗ Việt Anh"",
        ""dep_name"": ""Artificial Intelligence"",
        ""number_of_classes"": 3
    },
    {
        ""fullname"": ""Hoàng Việt Sơn"",
        ""dep_name"": ""Artificial Intelligence"",
        ""number_of_classes"": 3
    },
    {
        ""fullname"": ""Nguyễn Văn Bình"",
        ""dep_name"": ""Artificial Intelligence"",
        ""number_of_classes"": 4
    },
    {
        ""fullname"": ""Lê Hoàng Long"",
        ""dep_name"": ""Computing Fundamental"",
        ""number_of_classes"": 3
    },
    {
        ""fullname"": ""Trần Đức Trung"",
        ""dep_name"": ""Computing Fundamental"",
        ""number_of_classes"": 3
    },
    {
        ""fullname"": ""Phạm Hoài Linh"",
        ""dep_name"": ""Information Assurance"",
        ""number_of_classes"": 3
    },
    {
        ""fullname"": ""Vũ Phương Quyên"",
        ""dep_name"": ""Information Assurance"",
        ""number_of_classes"": 3
    },
    {
        ""fullname"": ""Hồ Thị Phương Thảo"",
        ""dep_name"": ""Software Engineering"",
        ""number_of_classes"": 3
    },
    {
        ""fullname"": ""Nguyễn Thị Hoàng"",
        ""dep_name"": ""Software Engineering"",
        ""number_of_classes"": 4
    },
    {
        ""fullname"": ""Trần Thị Mai"",
        ""dep_name"": ""Software Engineering"",
        ""number_of_classes"": 3
    }
]","Role: Training Manager, ID: TM001"
"Show me how many classes each lecturer is assigned to for the SU24 semester, sorted from most to least.","SELECT
  U.fullname,
  COUNT(CC.class_course_id) AS number_of_classes
FROM Users AS U
JOIN Lecturers AS L
  ON U.user_id = L.lecturer_id
JOIN ClassCourse AS CC
  ON L.lecturer_id = CC.lecturer_id
WHERE
  CC.semester = 'SU24'
GROUP BY
  U.user_id,
  U.fullname
ORDER BY
  number_of_classes DESC;","[
    {
        ""fullname"": ""Nguyễn Văn Bình"",
        ""number_of_classes"": 2
    },
    {
        ""fullname"": ""Nguyễn Thị Hoàng"",
        ""number_of_classes"": 2
    },
    {
        ""fullname"": ""Phạm Hoài Linh"",
        ""number_of_classes"": 2
    },
    {
        ""fullname"": ""Lê Hoàng Long"",
        ""number_of_classes"": 2
    },
    {
        ""fullname"": ""Vũ Phương Quyên"",
        ""number_of_classes"": 2
    },
    {
        ""fullname"": ""Trần Đức Trung"",
        ""number_of_classes"": 2
    },
    {
        ""fullname"": ""Đỗ Việt Anh"",
        ""number_of_classes"": 1
    },
    {
        ""fullname"": ""Hoàng Việt Sơn"",
        ""number_of_classes"": 1
    },
    {
        ""fullname"": ""Hồ Thị Phương Thảo"",
        ""number_of_classes"": 1
    },
    {
        ""fullname"": ""Trần Thị Mai"",
        ""number_of_classes"": 1
    }
]","Role: Training Manager, ID: TM001"
"Which students in my PRF192 class, SE02, passed the course?","SELECT
  U.fullname,
  E.average
FROM Enrollments AS E
JOIN ClassCourse AS CC
  ON E.class_course_id = CC.class_course_id
JOIN Students AS S
  ON E.student_id = S.student_id
JOIN Users AS U
  ON S.student_id = U.user_id
JOIN Courses AS C
  ON CC.course_id = C.course_id
JOIN Classes AS Cl
  ON CC.class_id = Cl.class_id
WHERE
  CC.lecturer_id = 'LEC001'
  AND C.course_id = 'PRF192'
  AND Cl.class_name = 'SE02'
  AND E.status = 'Passed'","[
    {
        ""fullname"": ""Trần Diệu My"",
        ""average"": 8.0
    },
    {
        ""fullname"": ""Phan Anh Tuấn"",
        ""average"": 6.5
    },
    {
        ""fullname"": ""Hoàng Minh Đức"",
        ""average"": 8.8
    },
    {
        ""fullname"": ""Lê Thị Thu Trang"",
        ""average"": 5.9
    }
]","Role: Lecturer, ID: LEC001"
"Show me the students who failed my Programming Fundamentals class, AI01, along with their final average score.","SELECT
  U.fullname,
  S.student_id,
  E.average
FROM Enrollments AS E
JOIN Students AS S
  ON E.student_id = S.student_id
JOIN Users AS U
  ON S.student_id = U.user_id
JOIN ClassCourse AS CC
  ON E.class_course_id = CC.class_course_id
JOIN Courses AS C
  ON CC.course_id = C.course_id
JOIN Classes AS CL
  ON CC.class_id = CL.class_id
WHERE
  CC.lecturer_id = 'LEC001'
  AND C.course_name = 'Programming Fundamentals'
  AND CL.class_name = 'AI01'
  AND E.status = 'Failed';","[
    {
        ""fullname"": ""Trần Thị Bình"",
        ""student_id"": ""HE00002"",
        ""average"": 4.2
    }
]","Role: Lecturer, ID: LEC001"
Show me the names and average scores of all students who failed my Programming Fundamentals class in the SP24 semester.,"SELECT
    U.fullname,
    E.average
FROM
    Enrollments AS E
JOIN
    Users AS U ON E.student_id = U.user_id
JOIN
    ClassCourse AS CC ON E.class_course_id = CC.class_course_id
WHERE
    CC.lecturer_id = 'LEC001'
    AND CC.course_id = 'PRF192'
    AND CC.semester = 'SP24'
    AND E.status = 'Failed'","[
    {
        ""fullname"": ""Trần Thị Bình"",
        ""average"": 4.2
    },
    {
        ""fullname"": ""Vũ Thùy Dương"",
        ""average"": 3.2
    }
]","Role: Lecturer, ID: LEC001"
Show me the full names and average scores of students who failed my 'Programming Fundamentals' course.,"SELECT
  U.fullname,
  E.average
FROM Enrollments AS E
JOIN Students AS S
  ON E.student_id = S.student_id
JOIN Users AS U
  ON S.student_id = U.user_id
JOIN ClassCourse AS CC
  ON E.class_course_id = CC.class_course_id
JOIN Courses AS C
  ON CC.course_id = C.course_id
WHERE
  CC.lecturer_id = 'LEC001'
  AND C.course_name = 'Programming Fundamentals'
  AND E.status = 'Failed'","[
    {
        ""fullname"": ""Trần Thị Bình"",
        ""average"": 4.2
    },
    {
        ""fullname"": ""Vũ Thùy Dương"",
        ""average"": 3.2
    }
]","Role: Lecturer, ID: LEC001"
"Show me the students who failed my PRF192 course in the SP24 semester, along with their final average.","SELECT
  U.fullname,
  S.student_id,
  E.average
FROM Enrollments AS E
JOIN ClassCourse AS CC
  ON E.class_course_id = CC.class_course_id
JOIN Courses AS C
  ON CC.course_id = C.course_id
JOIN Students AS S
  ON E.student_id = S.student_id
JOIN Users AS U
  ON S.student_id = U.user_id
WHERE
  CC.lecturer_id = 'LEC001'
  AND C.course_id = 'PRF192'
  AND CC.semester = 'SP24'
  AND E.status = 'Failed'","[
    {
        ""fullname"": ""Trần Thị Bình"",
        ""student_id"": ""HE00002"",
        ""average"": 4.2
    },
    {
        ""fullname"": ""Vũ Thùy Dương"",
        ""student_id"": ""HE00032"",
        ""average"": 3.2
    }
]","Role: Lecturer, ID: LEC001"
"List all students who failed my courses in the SP24 semester, along with the course name and their average score.","SELECT
  U.fullname,
  S.student_id,
  C.course_name,
  E.average
FROM Enrollments AS E
JOIN ClassCourse AS CC
  ON E.class_course_id = CC.class_course_id
JOIN Students AS S
  ON E.student_id = S.student_id
JOIN Users AS U
  ON S.student_id = U.user_id
JOIN Courses AS C
  ON CC.course_id = C.course_id
WHERE
  CC.lecturer_id = 'LEC001' AND E.status = 'Failed' AND CC.semester = 'SP24';","[
    {
        ""fullname"": ""Trần Thị Bình"",
        ""student_id"": ""HE00002"",
        ""course_name"": ""Programming Fundamentals"",
        ""average"": 4.2
    },
    {
        ""fullname"": ""Vũ Thùy Dương"",
        ""student_id"": ""HE00032"",
        ""course_name"": ""Programming Fundamentals"",
        ""average"": 3.2
    }
]","Role: Lecturer, ID: LEC001"
"Which students failed my Programming Fundamentals course during the SP24 semester, and what were their final averages?","SELECT
  U.fullname,
  S.student_id,
  E.average
FROM Enrollments AS E
JOIN Students AS S
  ON E.student_id = S.student_id
JOIN Users AS U
  ON S.student_id = U.user_id
JOIN ClassCourse AS CC
  ON E.class_course_id = CC.class_course_id
JOIN Courses AS C
  ON CC.course_id = C.course_id
WHERE
  CC.lecturer_id = 'LEC001'
  AND C.course_name = 'Programming Fundamentals'
  AND E.status = 'Failed'
  AND CC.semester = 'SP24'","[
    {
        ""fullname"": ""Trần Thị Bình"",
        ""student_id"": ""HE00002"",
        ""average"": 4.2
    },
    {
        ""fullname"": ""Vũ Thùy Dương"",
        ""student_id"": ""HE00032"",
        ""average"": 3.2
    }
]","Role: Lecturer, ID: LEC001"
Which students have failed more than one course? Please show their full name and the total count of failed courses.,"SELECT
  U.fullname,
  COUNT(E.enrollment_id) AS failed_courses_count
FROM Enrollments AS E
JOIN Users AS U
  ON E.student_id = U.user_id
WHERE
  E.status = 'Failed'
GROUP BY
  U.user_id,
  U.fullname
HAVING
  COUNT(E.enrollment_id) > 1","[
    {
        ""fullname"": ""Vương Thị Uyên"",
        ""failed_courses_count"": 2
    },
    {
        ""fullname"": ""Lý Hoàng Nam"",
        ""failed_courses_count"": 2
    }
]","Role: Training Manager, ID: TM001"
"Show me a list of students who have failed one or more courses, along with the total count of failed courses for each.","SELECT
  U.fullname,
  E.student_id,
  COUNT(E.enrollment_id) AS number_of_failed_courses
FROM Enrollments AS E
JOIN Users AS U
  ON E.student_id = U.user_id
WHERE
  E.status = 'Failed'
GROUP BY
  U.fullname,
  E.student_id","[
    {
        ""fullname"": ""Trần Thị Bình"",
        ""student_id"": ""HE00002"",
        ""number_of_failed_courses"": 1
    },
    {
        ""fullname"": ""Phạm Thị Dung"",
        ""student_id"": ""HE00004"",
        ""number_of_failed_courses"": 1
    },
    {
        ""fullname"": ""Đặng Văn Khánh"",
        ""student_id"": ""HE00007"",
        ""number_of_failed_courses"": 1
    },
    {
        ""fullname"": ""Hồ Văn Minh"",
        ""student_id"": ""HE00009"",
        ""number_of_failed_courses"": 1
    },
    {
        ""fullname"": ""Phan Văn Sơn"",
        ""student_id"": ""HE00015"",
        ""number_of_failed_courses"": 1
    },
    {
        ""fullname"": ""Tăng Văn Toàn"",
        ""student_id"": ""HE00017"",
        ""number_of_failed_courses"": 1
    },
    {
        ""fullname"": ""Vương Thị Uyên"",
        ""student_id"": ""HE00020"",
        ""number_of_failed_courses"": 2
    },
    {
        ""fullname"": ""Đỗ Quốc Bảo"",
        ""student_id"": ""HE00027"",
        ""number_of_failed_courses"": 1
    },
    {
        ""fullname"": ""Lê Quang Huy"",
        ""student_id"": ""HE00029"",
        ""number_of_failed_courses"": 1
    },
    {
        ""fullname"": ""Vũ Thùy Dương"",
        ""student_id"": ""HE00032"",
        ""number_of_failed_courses"": 1
    },
    {
        ""fullname"": ""Lê Thị Thu Trang"",
        ""student_id"": ""HE00034"",
        ""number_of_failed_courses"": 1
    },
    {
        ""fullname"": ""Bùi Thanh Thảo"",
        ""student_id"": ""HE00040"",
        ""number_of_failed_courses"": 1
    },
    {
        ""fullname"": ""Ngô Thùy Linh"",
        ""student_id"": ""HE00042"",
        ""number_of_failed_courses"": 1
    },
    {
        ""fullname"": ""Lý Hoàng Nam"",
        ""student_id"": ""HE00045"",
        ""number_of_failed_courses"": 2
    }
]","Role: Training Manager, ID: TM001"
What are my detailed grades for the 'Programming Fundamentals' course in last semester?,"SELECT
  T3.grade_name,
  T1.grade_value
FROM StudentGradeDetails AS T1
JOIN Enrollments AS T2
  ON T1.enrollment_id = T2.enrollment_id
JOIN CourseGrade AS T3
  ON T1.course_grade_id = T3.course_grade_id
JOIN ClassCourse AS T4
  ON T2.class_course_id = T4.class_course_id
JOIN Courses AS T5
  ON T4.course_id = T5.course_id
WHERE
  T4.semester = 'SP24'
  AND T2.student_id = 'HE00001'
  AND T5.course_name = 'Programming Fundamentals'","[
    {
        ""grade_name"": ""Assignment 1"",
        ""grade_value"": 8.0
    },
    {
        ""grade_name"": ""Final Exam"",
        ""grade_value"": 7.5
    },
    {
        ""grade_name"": ""Final Resit"",
        ""grade_value"": 0.0
    },
    {
        ""grade_name"": ""Lab 1"",
        ""grade_value"": 7.0
    },
    {
        ""grade_name"": ""Progress Test 1"",
        ""grade_value"": 7.5
    },
    {
        ""grade_name"": ""Progress Test 2"",
        ""grade_value"": 8.0
    }
]","Role: Student, ID: HE00001"
What are my grades for the 'Programming Fundamentals' course in last semester?,"SELECT
  T3.grade_name,
  T1.grade_value
FROM StudentGradeDetails AS T1
JOIN Enrollments AS T2
  ON T1.enrollment_id = T2.enrollment_id
JOIN CourseGrade AS T3
  ON T1.course_grade_id = T3.course_grade_id
JOIN ClassCourse AS T4
  ON T2.class_course_id = T4.class_course_id
JOIN Courses AS T5
  ON T4.course_id = T5.course_id
WHERE
  T4.semester = 'SP24'
  AND T2.student_id = 'HE00001'
  AND T5.course_name = 'Programming Fundamentals'","[
    {
        ""grade_name"": ""Assignment 1"",
        ""grade_value"": 8.0
    },
    {
        ""grade_name"": ""Final Exam"",
        ""grade_value"": 7.5
    },
    {
        ""grade_name"": ""Final Resit"",
        ""grade_value"": 0.0
    },
    {
        ""grade_name"": ""Lab 1"",
        ""grade_value"": 7.0
    },
    {
        ""grade_name"": ""Progress Test 1"",
        ""grade_value"": 7.5
    },
    {
        ""grade_name"": ""Progress Test 2"",
        ""grade_value"": 8.0
    }
]","Role: Student, ID: HE00001"
What were my scores for each graded component in the Data Structures and Algorithms course in last semester?,"SELECT
    T4.grade_name,
    T1.grade_value,
    T1.comment
FROM StudentGradeDetails AS T1
INNER JOIN Enrollments AS T2
    ON T1.enrollment_id = T2.enrollment_id
INNER JOIN ClassCourse AS T3
    ON T2.class_course_id = T3.class_course_id
INNER JOIN CourseGrade AS T4
    ON T1.course_grade_id = T4.course_grade_id
INNER JOIN Courses AS T5
    ON T3.course_id = T5.course_id
WHERE
    T3.semester = 'SP24'
    AND T2.student_id = 'HE00001'
    AND T5.course_name = 'Data Structures and Algorithms'","[
    {
        ""grade_name"": ""Assignment 1"",
        ""grade_value"": 8.5,
        ""comment"": ""Grade Recorded""
    },
    {
        ""grade_name"": ""Final Exam"",
        ""grade_value"": 8.0,
        ""comment"": ""Grade Recorded""
    },
    {
        ""grade_name"": ""Final Resit"",
        ""grade_value"": 0.0,
        ""comment"": ""Grade Recorded""
    },
    {
        ""grade_name"": ""Lab 1"",
        ""grade_value"": 8.0,
        ""comment"": ""Grade Recorded""
    },
    {
        ""grade_name"": ""Progress Test 1"",
        ""grade_value"": 7.0,
        ""comment"": ""Grade Recorded""
    },
    {
        ""grade_name"": ""Progress Test 2"",
        ""grade_value"": 8.5,
        ""comment"": ""Grade Recorded""
    }
]","Role: Student, ID: HE00001"
What were my scores for the assignments in the Artificial Intelligence and Machine Learning course in this semester?,"SELECT
    T3.grade_name,
    T1.grade_value
FROM StudentGradeDetails AS T1
JOIN Enrollments AS T2
    ON T1.enrollment_id = T2.enrollment_id
JOIN CourseGrade AS T3
    ON T1.course_grade_id = T3.course_grade_id
JOIN ClassCourse AS T4
    ON T2.class_course_id = T4.class_course_id
JOIN Courses AS T5
    ON T4.course_id = T5.course_id
WHERE
    T4.semester = 'SU24'
    AND T2.student_id = 'HE00001'
    AND T5.course_name = 'Artificial Intelligence and Machine Learning'
    AND T3.grade_name LIKE '%Assignment%'","[
    {
        ""grade_name"": ""Assignment 1"",
        ""grade_value"": 9.0
    },
    {
        ""grade_name"": ""Assignment 2"",
        ""grade_value"": 7.5
    }
]","Role: Student, ID: HE00001"
What are my assignment and lab scores for the AIL301 course in this semester?,"SELECT
  T3.grade_name,
  T2.grade_value
FROM Enrollments AS T1
INNER JOIN StudentGradeDetails AS T2
  ON T1.enrollment_id = T2.enrollment_id
INNER JOIN CourseGrade AS T3
  ON T2.course_grade_id = T3.course_grade_id
INNER JOIN
    ClassCourse AS T4 ON T1.class_course_id = T4.class_course_id
WHERE
  T4.semester = 'SU24'
  AND T1.student_id = 'HE00001'
  AND T1.class_course_id LIKE '%AIL301%'
  AND (
    T3.grade_name LIKE '%Assignment%'
    OR T3.grade_name LIKE '%Lab%'
  );","[
    {
        ""grade_name"": ""Assignment 1"",
        ""grade_value"": 9.0
    },
    {
        ""grade_name"": ""Assignment 2"",
        ""grade_value"": 7.5
    },
    {
        ""grade_name"": ""Lab 1"",
        ""grade_value"": 8.0
    }
]","Role: Student, ID: HE00001"
What are my grades for the assignments in the Artificial Intelligence and Machine Learning course in this semester?,"SELECT
  T3.grade_name,
  T1.grade_value,
  T1.comment
FROM StudentGradeDetails AS T1
INNER JOIN CourseGrade AS T3
  ON T1.course_grade_id = T3.course_grade_id
INNER JOIN Enrollments AS T2
  ON T1.enrollment_id = T2.enrollment_id
INNER JOIN ClassCourse AS T4
  ON T2.class_course_id = T4.class_course_id
INNER JOIN Courses AS T5
  ON T4.course_id = T5.course_id
WHERE
  T4.semester = 'SU24'
  AND T2.student_id = 'HE00001'
  AND T5.course_name = 'Artificial Intelligence and Machine Learning'
  AND T3.grade_name LIKE '%Assignment%'","[
    {
        ""grade_name"": ""Assignment 1"",
        ""grade_value"": 9.0,
        ""comment"": ""Grade Recorded""
    },
    {
        ""grade_name"": ""Assignment 2"",
        ""grade_value"": 7.5,
        ""comment"": ""Grade Recorded""
    }
]","Role: Student, ID: HE00001"
What are my detailed grades for the 'Artificial Intelligence and Machine Learning' course in this semester?,"SELECT
  T3.grade_name,
  T1.grade_value,
  T1.comment
FROM StudentGradeDetails AS T1
INNER JOIN Enrollments AS T2
  ON T1.enrollment_id = T2.enrollment_id
INNER JOIN CourseGrade AS T3
  ON T1.course_grade_id = T3.course_grade_id
INNER JOIN ClassCourse AS T4
  ON T2.class_course_id = T4.class_course_id
INNER JOIN Courses AS T5
  ON T4.course_id = T5.course_id
WHERE
  T4.semester = 'SU24'
  AND T2.student_id = 'HE00001'
  AND T5.course_name = 'Artificial Intelligence and Machine Learning';","[
    {
        ""grade_name"": ""Assignment 1"",
        ""grade_value"": 9.0,
        ""comment"": ""Grade Recorded""
    },
    {
        ""grade_name"": ""Assignment 2"",
        ""grade_value"": 7.5,
        ""comment"": ""Grade Recorded""
    },
    {
        ""grade_name"": ""Final Exam"",
        ""grade_value"": null,
        ""comment"": ""Awaiting Grade""
    },
    {
        ""grade_name"": ""Final Resit"",
        ""grade_value"": null,
        ""comment"": ""Awaiting Grade""
    },
    {
        ""grade_name"": ""Lab 1"",
        ""grade_value"": 8.0,
        ""comment"": ""Grade Recorded""
    },
    {
        ""grade_name"": ""Progress Test 1"",
        ""grade_value"": null,
        ""comment"": ""Awaiting Grade""
    },
    {
        ""grade_name"": ""Progress Test 2"",
        ""grade_value"": null,
        ""comment"": ""Awaiting Grade""
    }
]","Role: Student, ID: HE00001"
What are the component grades for my 'Artificial Intelligence and Machine Learning' course in this semester?,"SELECT
  T3.grade_name,
  T1.grade_value,
  T3.grade_weight,
  T1.comment
FROM StudentGradeDetails AS T1
JOIN Enrollments AS T2
  ON T1.enrollment_id = T2.enrollment_id
JOIN CourseGrade AS T3
  ON T1.course_grade_id = T3.course_grade_id
JOIN ClassCourse AS T4
  ON T2.class_course_id = T4.class_course_id
JOIN Courses AS T5
  ON T4.course_id = T5.course_id
WHERE
  T4.semester = 'SU24'
  AND T2.student_id = 'HE00001'
  AND T5.course_name = 'Artificial Intelligence and Machine Learning'","[
    {
        ""grade_name"": ""Assignment 1"",
        ""grade_value"": 9.0,
        ""grade_weight"": 0.1,
        ""comment"": ""Grade Recorded""
    },
    {
        ""grade_name"": ""Assignment 2"",
        ""grade_value"": 7.5,
        ""grade_weight"": 0.1,
        ""comment"": ""Grade Recorded""
    },
    {
        ""grade_name"": ""Final Exam"",
        ""grade_value"": null,
        ""grade_weight"": 0.5,
        ""comment"": ""Awaiting Grade""
    },
    {
        ""grade_name"": ""Final Resit"",
        ""grade_value"": null,
        ""grade_weight"": 0.5,
        ""comment"": ""Awaiting Grade""
    },
    {
        ""grade_name"": ""Lab 1"",
        ""grade_value"": 8.0,
        ""grade_weight"": 0.1,
        ""comment"": ""Grade Recorded""
    },
    {
        ""grade_name"": ""Progress Test 1"",
        ""grade_value"": null,
        ""grade_weight"": 0.1,
        ""comment"": ""Awaiting Grade""
    },
    {
        ""grade_name"": ""Progress Test 2"",
        ""grade_value"": null,
        ""grade_weight"": 0.1,
        ""comment"": ""Awaiting Grade""
    }
]","Role: Student, ID: HE00001"
"Show me the grading breakdown for my Artificial Intelligence and Machine Learning course, including the weight of each component.","SELECT
  T3.grade_name,
  T3.grade_weight
FROM Enrollments AS T1
JOIN ClassCourse AS T2
  ON T1.class_course_id = T2.class_course_id
JOIN CourseGrade AS T3
  ON T2.course_id = T3.course_id
JOIN Courses AS T4
  ON T2.course_id = T4.course_id
WHERE
  T1.student_id = 'HE00001'
  AND T4.course_name = 'Artificial Intelligence and Machine Learning'","[
    {
        ""grade_name"": ""Assignment 1"",
        ""grade_weight"": 0.1
    },
    {
        ""grade_name"": ""Assignment 2"",
        ""grade_weight"": 0.1
    },
    {
        ""grade_name"": ""Final Exam"",
        ""grade_weight"": 0.5
    },
    {
        ""grade_name"": ""Final Resit"",
        ""grade_weight"": 0.5
    },
    {
        ""grade_name"": ""Lab 1"",
        ""grade_weight"": 0.1
    },
    {
        ""grade_name"": ""Progress Test 1"",
        ""grade_weight"": 0.1
    },
    {
        ""grade_name"": ""Progress Test 2"",
        ""grade_weight"": 0.1
    }
]","Role: Student, ID: HE00001"
What are my detailed grades for the Artificial Intelligence and Machine Learning course in this semester?,"SELECT
  T3.grade_name,
  T3.grade_weight,
  T2.grade_value,
  T2.comment
FROM Enrollments AS T1
JOIN StudentGradeDetails AS T2
  ON T1.enrollment_id = T2.enrollment_id
JOIN CourseGrade AS T3
  ON T2.course_grade_id = T3.course_grade_id
JOIN ClassCourse AS T4
  ON T1.class_course_id = T4.class_course_id
WHERE
  T4.semester = 'SU24'
  AND T1.student_id = 'HE00001' AND T4.course_id = 'AIL301'","[
    {
        ""grade_name"": ""Assignment 1"",
        ""grade_weight"": 0.1,
        ""grade_value"": 9.0,
        ""comment"": ""Grade Recorded""
    },
    {
        ""grade_name"": ""Assignment 2"",
        ""grade_weight"": 0.1,
        ""grade_value"": 7.5,
        ""comment"": ""Grade Recorded""
    },
    {
        ""grade_name"": ""Final Exam"",
        ""grade_weight"": 0.5,
        ""grade_value"": null,
        ""comment"": ""Awaiting Grade""
    },
    {
        ""grade_name"": ""Final Resit"",
        ""grade_weight"": 0.5,
        ""grade_value"": null,
        ""comment"": ""Awaiting Grade""
    },
    {
        ""grade_name"": ""Lab 1"",
        ""grade_weight"": 0.1,
        ""grade_value"": 8.0,
        ""comment"": ""Grade Recorded""
    },
    {
        ""grade_name"": ""Progress Test 1"",
        ""grade_weight"": 0.1,
        ""grade_value"": null,
        ""comment"": ""Awaiting Grade""
    },
    {
        ""grade_name"": ""Progress Test 2"",
        ""grade_weight"": 0.1,
        ""grade_value"": null,
        ""comment"": ""Awaiting Grade""
    }
]","Role: Student, ID: HE00001"
What are my detailed grades for the Programming Fundamentals course in last semester?,"SELECT
    CG.grade_name,
    CG.grade_weight,
    SGD.grade_value
FROM
    Enrollments AS E
JOIN
    StudentGradeDetails AS SGD ON E.enrollment_id = SGD.enrollment_id
JOIN
    CourseGrade AS CG ON SGD.course_grade_id = CG.course_grade_id
JOIN
    Courses AS C ON CG.course_id = C.course_id
JOIN
        ClassCourse AS CC ON E.class_course_id = CC.class_course_id
WHERE
  CC.semester = 'SP24'
  AND E.student_id = 'HE00001' AND C.course_name = 'Programming Fundamentals'","[
    {
        ""grade_name"": ""Assignment 1"",
        ""grade_weight"": 0.2,
        ""grade_value"": 8.0
    },
    {
        ""grade_name"": ""Final Exam"",
        ""grade_weight"": 0.4,
        ""grade_value"": 7.5
    },
    {
        ""grade_name"": ""Final Resit"",
        ""grade_weight"": 0.4,
        ""grade_value"": 0.0
    },
    {
        ""grade_name"": ""Lab 1"",
        ""grade_weight"": 0.15,
        ""grade_value"": 7.0
    },
    {
        ""grade_name"": ""Progress Test 1"",
        ""grade_weight"": 0.15,
        ""grade_value"": 7.5
    },
    {
        ""grade_name"": ""Progress Test 2"",
        ""grade_weight"": 0.1,
        ""grade_value"": 8.0
    }
]","Role: Student, ID: HE00001"
What were my detailed grades for the Data Structures and Algorithms course in last semester?,"SELECT
    T3.grade_name,
    T3.grade_weight,
    T2.grade_value
FROM Enrollments AS T1
JOIN StudentGradeDetails AS T2
    ON T1.enrollment_id = T2.enrollment_id
JOIN CourseGrade AS T3
    ON T2.course_grade_id = T3.course_grade_id
JOIN Courses AS T4
    ON T3.course_id = T4.course_id
JOIN ClassCourse AS T5 
    ON T1.class_course_id = T5.class_course_id
WHERE
    T5.semester = 'SP24'
    AND T1.student_id = 'HE00001' 
    AND T4.course_name = 'Data Structures and Algorithms'","[
    {
        ""grade_name"": ""Assignment 1"",
        ""grade_weight"": 0.2,
        ""grade_value"": 8.5
    },
    {
        ""grade_name"": ""Final Exam"",
        ""grade_weight"": 0.4,
        ""grade_value"": 8.0
    },
    {
        ""grade_name"": ""Final Resit"",
        ""grade_weight"": 0.4,
        ""grade_value"": 0.0
    },
    {
        ""grade_name"": ""Lab 1"",
        ""grade_weight"": 0.15,
        ""grade_value"": 8.0
    },
    {
        ""grade_name"": ""Progress Test 1"",
        ""grade_weight"": 0.15,
        ""grade_value"": 7.0
    },
    {
        ""grade_name"": ""Progress Test 2"",
        ""grade_weight"": 0.1,
        ""grade_value"": 8.5
    }
]","Role: Student, ID: HE00001"
Which of my grade components for the Natural Language Processing course are still awaiting a grade?,"SELECT
    CG.grade_name
FROM Enrollments AS E
JOIN ClassCourse AS CC
    ON E.class_course_id = CC.class_course_id
JOIN Courses AS C
    ON CC.course_id = C.course_id
JOIN StudentGradeDetails AS SGD
    ON E.enrollment_id = SGD.enrollment_id
JOIN CourseGrade AS CG
    ON SGD.course_grade_id = CG.course_grade_id
WHERE
    E.student_id = 'HE00001'
    AND C.course_name = 'Natural Language Processing'
    AND SGD.comment = 'Awaiting Grade'","[
    {
        ""grade_name"": ""Final Exam""
    },
    {
        ""grade_name"": ""Final Resit""
    },
    {
        ""grade_name"": ""Progress Test 1""
    },
    {
        ""grade_name"": ""Progress Test 2""
    }
]","Role: Student, ID: HE00001"
Which lecturers are in the 'Artificial Intelligence' department? Show me their IDs and full names.,"SELECT
    L.lecturer_id,
    U.fullname
FROM Lecturers AS L
JOIN Users AS U
    ON L.lecturer_id = U.user_id
JOIN Departments AS D
    ON L.dep_id = D.dep_id
WHERE
    D.dep_name = 'Artificial Intelligence'","[
    {
        ""lecturer_id"": ""LEC001"",
        ""fullname"": ""Nguyễn Văn Bình""
    },
    {
        ""lecturer_id"": ""LEC005"",
        ""fullname"": ""Đỗ Việt Anh""
    },
    {
        ""lecturer_id"": ""LEC009"",
        ""fullname"": ""Hoàng Việt Sơn""
    }
]","Role: Training Manager, ID: TM001"
"Can you provide a list of all lecturers, their full names, and the departments they belong to?","SELECT
    L.lecturer_id,
    U.fullname,
    D.dep_name
FROM Lecturers AS L
JOIN Users AS U
    ON L.lecturer_id = U.user_id
JOIN Departments AS D
    ON L.dep_id = D.dep_id","[
    {
        ""lecturer_id"": ""LEC001"",
        ""fullname"": ""Nguyễn Văn Bình"",
        ""dep_name"": ""Artificial Intelligence""
    },
    {
        ""lecturer_id"": ""LEC002"",
        ""fullname"": ""Nguyễn Thị Hoàng"",
        ""dep_name"": ""Software Engineering""
    },
    {
        ""lecturer_id"": ""LEC003"",
        ""fullname"": ""Trần Đức Trung"",
        ""dep_name"": ""Computing Fundamental""
    },
    {
        ""lecturer_id"": ""LEC004"",
        ""fullname"": ""Phạm Hoài Linh"",
        ""dep_name"": ""Information Assurance""
    },
    {
        ""lecturer_id"": ""LEC005"",
        ""fullname"": ""Đỗ Việt Anh"",
        ""dep_name"": ""Artificial Intelligence""
    },
    {
        ""lecturer_id"": ""LEC006"",
        ""fullname"": ""Trần Thị Mai"",
        ""dep_name"": ""Software Engineering""
    },
    {
        ""lecturer_id"": ""LEC007"",
        ""fullname"": ""Lê Hoàng Long"",
        ""dep_name"": ""Computing Fundamental""
    },
    {
        ""lecturer_id"": ""LEC008"",
        ""fullname"": ""Vũ Phương Quyên"",
        ""dep_name"": ""Information Assurance""
    },
    {
        ""lecturer_id"": ""LEC009"",
        ""fullname"": ""Hoàng Việt Sơn"",
        ""dep_name"": ""Artificial Intelligence""
    },
    {
        ""lecturer_id"": ""LEC010"",
        ""fullname"": ""Hồ Thị Phương Thảo"",
        ""dep_name"": ""Software Engineering""
    }
]","Role: Training Manager, ID: TM001"
What is the average final grade for students across each major? Please list them from highest to lowest.,"SELECT
    M.major_name,
    AVG(E.average) AS average_final_grade
FROM Majors AS M
JOIN Students AS S
    ON M.major_id = S.major_id
JOIN Enrollments AS E
    ON S.student_id = E.student_id
WHERE 
    E.status IN ('Passed', 'Failed')
GROUP BY
    M.major_name
ORDER BY
    average_final_grade DESC;","[
    {
        ""major_name"": ""Computer Science"",
        ""average_final_grade"": 6.737500000000001
    },
    {
        ""major_name"": ""Artificial Intelligence"",
        ""average_final_grade"": 6.677777777777777
    },
    {
        ""major_name"": ""Software Engineering"",
        ""average_final_grade"": 6.638888888888888
    },
    {
        ""major_name"": ""Information Assurance"",
        ""average_final_grade"": 6.40625
    }
]","Role: Training Manager, ID: TM001"
"What is the average grade for each major, sorted from highest to lowest?","SELECT
    M.major_name,
    AVG(E.average) AS average_final_grade
FROM Majors AS M
JOIN Students AS S
    ON M.major_id = S.major_id
JOIN Enrollments AS E
    ON S.student_id = E.student_id
WHERE 
    E.status IN ('Passed', 'Failed')
GROUP BY
    M.major_name
ORDER BY
    average_final_grade DESC;","[
    {
        ""major_name"": ""Computer Science"",
        ""average_final_grade"": 6.737500000000001
    },
    {
        ""major_name"": ""Artificial Intelligence"",
        ""average_final_grade"": 6.677777777777777
    },
    {
        ""major_name"": ""Software Engineering"",
        ""average_final_grade"": 6.638888888888888
    },
    {
        ""major_name"": ""Information Assurance"",
        ""average_final_grade"": 6.40625
    }
]","Role: Training Manager, ID: TM001"
How many students are enrolled in each major?,"SELECT
    M.major_name,
    COUNT(S.student_id) AS number_of_students
FROM Students AS S
JOIN Majors AS M
    ON S.major_id = M.major_id
GROUP BY
    M.major_name;","[
    {
        ""major_name"": ""Artificial Intelligence"",
        ""number_of_students"": 13
    },
    {
        ""major_name"": ""Computer Science"",
        ""number_of_students"": 12
    },
    {
        ""major_name"": ""Information Assurance"",
        ""number_of_students"": 12
    },
    {
        ""major_name"": ""Software Engineering"",
        ""number_of_students"": 13
    }
]","Role: Training Manager, ID: TM001"
What is the total number of students enrolled in each major?,"SELECT
  M.major_name,
  COUNT(S.student_id) AS number_of_students
FROM Students AS S
JOIN Majors AS M
  ON S.major_id = M.major_id
GROUP BY
  M.major_name","[
    {
        ""major_name"": ""Artificial Intelligence"",
        ""number_of_students"": 13
    },
    {
        ""major_name"": ""Computer Science"",
        ""number_of_students"": 12
    },
    {
        ""major_name"": ""Information Assurance"",
        ""number_of_students"": 12
    },
    {
        ""major_name"": ""Software Engineering"",
        ""number_of_students"": 13
    }
]","Role: Training Manager, ID: TM001"
How many students are enrolled in each major? Please list them from the most to the least populated.,"SELECT
    M.major_name,
    COUNT(S.student_id) AS number_of_students
FROM Students AS S
JOIN Majors AS M
    ON S.major_id = M.major_id
GROUP BY
    M.major_name
ORDER BY
    number_of_students DESC","[
    {
        ""major_name"": ""Artificial Intelligence"",
        ""number_of_students"": 13
    },
    {
        ""major_name"": ""Software Engineering"",
        ""number_of_students"": 13
    },
    {
        ""major_name"": ""Computer Science"",
        ""number_of_students"": 12
    },
    {
        ""major_name"": ""Information Assurance"",
        ""number_of_students"": 12
    }
]","Role: Training Manager, ID: TM001"
"List each major and the total number of students enrolled in it, ordered from least to most populated.","SELECT
  M.major_name,
  COUNT(S.student_id) AS number_of_students
FROM Students AS S
JOIN Majors AS M
  ON S.major_id = M.major_id
GROUP BY
  M.major_name
ORDER BY
  number_of_students ASC;","[
    {
        ""major_name"": ""Computer Science"",
        ""number_of_students"": 12
    },
    {
        ""major_name"": ""Information Assurance"",
        ""number_of_students"": 12
    },
    {
        ""major_name"": ""Software Engineering"",
        ""number_of_students"": 13
    },
    {
        ""major_name"": ""Artificial Intelligence"",
        ""number_of_students"": 13
    }
]","Role: Training Manager, ID: TM001"
"Can you show me the number of students in each major, ordered from the least to the most populated?","SELECT
  M.major_name,
  COUNT(S.student_id) AS number_of_students
FROM Students AS S
JOIN Majors AS M
  ON S.major_id = M.major_id
GROUP BY
  M.major_name
ORDER BY
  number_of_students ASC;","[
    {
        ""major_name"": ""Computer Science"",
        ""number_of_students"": 12
    },
    {
        ""major_name"": ""Information Assurance"",
        ""number_of_students"": 12
    },
    {
        ""major_name"": ""Software Engineering"",
        ""number_of_students"": 13
    },
    {
        ""major_name"": ""Artificial Intelligence"",
        ""number_of_students"": 13
    }
]","Role: Training Manager, ID: TM001"
"Can you provide a breakdown of student enrollment numbers by major, ordered from most to least populated?","SELECT
  M.major_name,
  COUNT(S.student_id) AS number_of_students
FROM Majors AS M
JOIN Students AS S
  ON M.major_id = S.major_id
GROUP BY
  M.major_name
ORDER BY
  number_of_students DESC;","[
    {
        ""major_name"": ""Artificial Intelligence"",
        ""number_of_students"": 13
    },
    {
        ""major_name"": ""Software Engineering"",
        ""number_of_students"": 13
    },
    {
        ""major_name"": ""Computer Science"",
        ""number_of_students"": 12
    },
    {
        ""major_name"": ""Information Assurance"",
        ""number_of_students"": 12
    }
]","Role: Training Manager, ID: TM001"
What is the total number of students enrolled in each major? Please order the results by the student count in descending order.,"SELECT
    M.major_name,
    COUNT(S.student_id) AS number_of_students
FROM Students AS S
JOIN Majors AS M
    ON S.major_id = M.major_id
GROUP BY
    M.major_name
ORDER BY
    number_of_students DESC","[
    {
        ""major_name"": ""Artificial Intelligence"",
        ""number_of_students"": 13
    },
    {
        ""major_name"": ""Software Engineering"",
        ""number_of_students"": 13
    },
    {
        ""major_name"": ""Computer Science"",
        ""number_of_students"": 12
    },
    {
        ""major_name"": ""Information Assurance"",
        ""number_of_students"": 12
    }
]","Role: Training Manager, ID: TM001"
Can you give me a breakdown of enrollment statuses for each major?,"SELECT
  U.fullname,
  COUNT(CC.course_id) AS number_of_courses
FROM Users AS U
JOIN Lecturers AS L
  ON U.user_id = L.lecturer_id
JOIN ClassCourse AS CC
  ON L.lecturer_id = CC.lecturer_id
WHERE
  CC.semester = 'SU24'
GROUP BY
  U.fullname
HAVING
  COUNT(CC.course_id) > 2;",[],"Role: Training Manager, ID: TM001"
What is the total number of students enrolled in each major? Please list the major name and the corresponding student count.,"SELECT
  M.major_name,
  COUNT(S.student_id) AS student_count
FROM Majors AS M
JOIN Students AS S
  ON M.major_id = S.major_id
GROUP BY
  M.major_name","[
    {
        ""major_name"": ""Artificial Intelligence"",
        ""student_count"": 13
    },
    {
        ""major_name"": ""Computer Science"",
        ""student_count"": 12
    },
    {
        ""major_name"": ""Information Assurance"",
        ""student_count"": 12
    },
    {
        ""major_name"": ""Software Engineering"",
        ""student_count"": 13
    }
]","Role: Training Manager, ID: TM001"
"What is the average final grade for students in each major, considering only completed courses?","SELECT
  M.major_name,
  AVG(E.average) AS average_final_grade
FROM Enrollments AS E
JOIN Students AS S
  ON E.student_id = S.student_id
JOIN Majors AS M
  ON S.major_id = M.major_id
WHERE
  E.status IN ('Passed', 'Failed')
GROUP BY
  M.major_name","[
    {
        ""major_name"": ""Artificial Intelligence"",
        ""average_final_grade"": 6.677777777777777
    },
    {
        ""major_name"": ""Computer Science"",
        ""average_final_grade"": 6.737500000000001
    },
    {
        ""major_name"": ""Information Assurance"",
        ""average_final_grade"": 6.40625
    },
    {
        ""major_name"": ""Software Engineering"",
        ""average_final_grade"": 6.638888888888888
    }
]","Role: Training Manager, ID: TM001"
What is the average grade for each major in the SP24 semester?,"SELECT
    M.major_name,
    AVG(E.average) AS average_grade
FROM Enrollments AS E
JOIN Students AS S
    ON E.student_id = S.student_id
JOIN Majors AS M
    ON S.major_id = M.major_id
JOIN ClassCourse AS CC
    ON E.class_course_id = CC.class_course_id
WHERE
    CC.semester = 'SP24'
GROUP BY
    M.major_name","[
    {
        ""major_name"": ""Artificial Intelligence"",
        ""average_grade"": 6.677777777777777
    },
    {
        ""major_name"": ""Computer Science"",
        ""average_grade"": 6.737500000000001
    },
    {
        ""major_name"": ""Information Assurance"",
        ""average_grade"": 6.40625
    },
    {
        ""major_name"": ""Software Engineering"",
        ""average_grade"": 6.638888888888888
    }
]","Role: Training Manager, ID: TM001"
"What is the average grade for each major, considering only completed courses?","SELECT
    M.major_name,
    AVG(E.average) AS average_grade
FROM
    Majors AS M
JOIN
    Students AS S ON M.major_id = S.major_id
JOIN
    Enrollments AS E ON S.student_id = E.student_id
WHERE
    E.status <> 'Studying'
GROUP BY
    M.major_name","[
    {
        ""major_name"": ""Artificial Intelligence"",
        ""average_grade"": 6.677777777777777
    },
    {
        ""major_name"": ""Computer Science"",
        ""average_grade"": 6.737500000000001
    },
    {
        ""major_name"": ""Information Assurance"",
        ""average_grade"": 6.40625
    },
    {
        ""major_name"": ""Software Engineering"",
        ""average_grade"": 6.638888888888888
    }
]","Role: Training Manager, ID: TM001"
"What is the average grade for each major based on completed courses, and how many students are there in each major?","SELECT
    M.major_name,
    COUNT(DISTINCT S.student_id) AS number_of_students,
    AVG(E.average) AS average_grade
FROM Majors AS M
JOIN Students AS S
    ON M.major_id = S.major_id
JOIN Enrollments AS E
    ON S.student_id = E.student_id
WHERE
    E.status IN ('Passed', 'Failed')
GROUP BY
    M.major_name","[
    {
        ""major_name"": ""Artificial Intelligence"",
        ""number_of_students"": 9,
        ""average_grade"": 6.677777777777777
    },
    {
        ""major_name"": ""Computer Science"",
        ""number_of_students"": 8,
        ""average_grade"": 6.737500000000001
    },
    {
        ""major_name"": ""Information Assurance"",
        ""number_of_students"": 8,
        ""average_grade"": 6.40625
    },
    {
        ""major_name"": ""Software Engineering"",
        ""number_of_students"": 9,
        ""average_grade"": 6.638888888888888
    }
]","Role: Training Manager, ID: TM001"
"What is my attendance record for the 'Programming Fundamentals' course, including the dates I was absent?","SELECT
  S.start_time,
  A.status
FROM Attendance AS A
JOIN Enrollments AS E
  ON A.enrollment_id = E.enrollment_id
JOIN ClassCourse AS CC
  ON E.class_course_id = CC.class_course_id
JOIN Courses AS C
  ON CC.course_id = C.course_id
JOIN Schedules AS S
  ON A.schedule_id = S.schedule_id
WHERE
  E.student_id = 'HE00001'
  AND C.course_name = 'Programming Fundamentals'","[
    {
        ""start_time"": ""2024-01-08 07:30:00"",
        ""status"": ""Present""
    },
    {
        ""start_time"": ""2024-03-11 07:30:00"",
        ""status"": ""Present""
    },
    {
        ""start_time"": ""2024-01-15 07:30:00"",
        ""status"": ""Present""
    },
    {
        ""start_time"": ""2024-01-22 07:30:00"",
        ""status"": ""Absent""
    },
    {
        ""start_time"": ""2024-01-29 07:30:00"",
        ""status"": ""Present""
    },
    {
        ""start_time"": ""2024-02-05 07:30:00"",
        ""status"": ""Present""
    },
    {
        ""start_time"": ""2024-02-12 07:30:00"",
        ""status"": ""Present""
    },
    {
        ""start_time"": ""2024-02-19 07:30:00"",
        ""status"": ""Present""
    },
    {
        ""start_time"": ""2024-02-26 07:30:00"",
        ""status"": ""Absent""
    },
    {
        ""start_time"": ""2024-03-04 07:30:00"",
        ""status"": ""Present""
    }
]","Role: Student, ID: HE00001"
What are the dates I was absent for the Programming Fundamentals course?,"SELECT
  T3.start_time
FROM Attendance AS T1
INNER JOIN Enrollments AS T2
  ON T1.enrollment_id = T2.enrollment_id
INNER JOIN Schedules AS T3
  ON T1.schedule_id = T3.schedule_id
INNER JOIN ClassCourse AS T4
  ON T3.class_course_id = T4.class_course_id
INNER JOIN Courses AS T5
  ON T4.course_id = T5.course_id
WHERE
  T2.student_id = 'HE00001'
  AND T5.course_name = 'Programming Fundamentals'
  AND T1.status = 'Absent';","[
    {
        ""start_time"": ""2024-01-22 07:30:00""
    },
    {
        ""start_time"": ""2024-02-26 07:30:00""
    }
]","Role: Student, ID: HE00001"
Can you show me the dates I was absent for the Programming Fundamentals course?,"SELECT
    S.start_time
FROM
    Attendance AS A
JOIN Enrollments AS E
    ON A.enrollment_id = E.enrollment_id
JOIN ClassCourse AS CC
    ON E.class_course_id = CC.class_course_id
JOIN Courses AS C
    ON CC.course_id = C.course_id
JOIN Schedules AS S
    ON A.schedule_id = S.schedule_id
WHERE
    E.student_id = 'HE00001'
    AND C.course_name = 'Programming Fundamentals'
    AND A.status = 'Absent'","[
    {
        ""start_time"": ""2024-01-22 07:30:00""
    },
    {
        ""start_time"": ""2024-02-26 07:30:00""
    }
]","Role: Student, ID: HE00001"
How many students passed and failed in my Programming Fundamentals classes for the SP24 semester?,"SELECT
  E.status,
  COUNT(E.student_id) AS number_of_students
FROM Enrollments AS E
JOIN ClassCourse AS CC
  ON E.class_course_id = CC.class_course_id
WHERE
  CC.lecturer_id = 'LEC001'
  AND CC.course_id = 'PRF192'
  AND CC.semester = 'SP24'
GROUP BY
  E.status;","[
    {
        ""status"": ""Failed"",
        ""number_of_students"": 2
    },
    {
        ""status"": ""Passed"",
        ""number_of_students"": 7
    }
]","Role: Lecturer, ID: LEC001"
"Which of my students failed the Programming Fundamentals class, AI01, and what were their final averages?","SELECT
  S.student_id,
  U.fullname,
  E.average
FROM Enrollments AS E
JOIN Students AS S
  ON E.student_id = S.student_id
JOIN Users AS U
  ON S.student_id = U.user_id
JOIN ClassCourse AS CC
  ON E.class_course_id = CC.class_course_id
JOIN Courses AS C
  ON CC.course_id = C.course_id
JOIN Classes AS CL
  ON CC.class_id = CL.class_id
WHERE
  CC.lecturer_id = 'LEC001'
  AND C.course_name = 'Programming Fundamentals'
  AND CL.class_name = 'AI01'
  AND E.status = 'Failed';","[
    {
        ""student_id"": ""HE00002"",
        ""fullname"": ""Trần Thị Bình"",
        ""average"": 4.2
    }
]","Role: Lecturer, ID: LEC001"
Can you list all students in my 'Theory of Computation' class for the SU24 semester?,"SELECT
  U.user_id AS student_id,
  U.fullname
FROM ClassCourse AS CC
JOIN Courses AS C
  ON CC.course_id = C.course_id
JOIN Enrollments AS E
  ON CC.class_course_id = E.class_course_id
JOIN Users AS U
  ON E.student_id = U.user_id
WHERE
  CC.lecturer_id = 'LEC001'
  AND C.course_name = 'Theory of Computation'
  AND CC.semester = 'SU24'","[
    {
        ""student_id"": ""HE00043"",
        ""fullname"": ""Dương Công Thành""
    },
    {
        ""student_id"": ""HE00044"",
        ""fullname"": ""Đoàn Minh Nguyệt""
    },
    {
        ""student_id"": ""HE00045"",
        ""fullname"": ""Lý Hoàng Nam""
    },
    {
        ""student_id"": ""HE00046"",
        ""fullname"": ""Mai Bảo Châu""
    },
    {
        ""student_id"": ""HE00047"",
        ""fullname"": ""Phan Tuấn Kiệt""
    },
    {
        ""student_id"": ""HE00048"",
        ""fullname"": ""Châu Mỹ Lệ""
    },
    {
        ""student_id"": ""HE00049"",
        ""fullname"": ""Tăng Quốc Hùng""
    },
    {
        ""student_id"": ""HE00050"",
        ""fullname"": ""Kiều Diễm My""
    }
]","Role: Lecturer, ID: LEC001"
Can you show me the pass and fail counts for each course offered in the SP24 semester?,"SELECT
  C.course_name,
  SUM(CASE WHEN E.status = 'Passed' THEN 1 ELSE 0 END) AS pass_count,
  SUM(CASE WHEN E.status = 'Failed' THEN 1 ELSE 0 END) AS fail_count
FROM Enrollments AS E
JOIN ClassCourse AS CC
  ON E.class_course_id = CC.class_course_id
JOIN Courses AS C
  ON CC.course_id = C.course_id
WHERE
  CC.semester = 'SP24'
GROUP BY
  C.course_name","[
    {
        ""course_name"": ""Data Structures and Algorithms"",
        ""pass_count"": 13,
        ""fail_count"": 4
    },
    {
        ""course_name"": ""Database Systems"",
        ""pass_count"": 12,
        ""fail_count"": 4
    },
    {
        ""course_name"": ""Mathematics for Developers"",
        ""pass_count"": 7,
        ""fail_count"": 2
    },
    {
        ""course_name"": ""Programming Fundamentals"",
        ""pass_count"": 20,
        ""fail_count"": 6
    }
]","Role: Training Manager, ID: TM001"
"For the SP24 semester, can you give me a breakdown of pass and fail counts for every course?","SELECT
    C.course_name,
    SUM(CASE WHEN E.status = 'Passed' THEN 1 ELSE 0 END) AS passed_count,
    SUM(CASE WHEN E.status = 'Failed' THEN 1 ELSE 0 END) AS failed_count
FROM Enrollments AS E
JOIN ClassCourse AS CC
    ON E.class_course_id = CC.class_course_id
JOIN Courses AS C
    ON CC.course_id = C.course_id
WHERE
    CC.semester = 'SP24'
GROUP BY
    C.course_name","[
    {
        ""course_name"": ""Data Structures and Algorithms"",
        ""passed_count"": 13,
        ""failed_count"": 4
    },
    {
        ""course_name"": ""Database Systems"",
        ""passed_count"": 12,
        ""failed_count"": 4
    },
    {
        ""course_name"": ""Mathematics for Developers"",
        ""passed_count"": 7,
        ""failed_count"": 2
    },
    {
        ""course_name"": ""Programming Fundamentals"",
        ""passed_count"": 20,
        ""failed_count"": 6
    }
]","Role: Training Manager, ID: TM001"
What are the top 3 courses with the highest student failure rates?,"SELECT TOP 3 WITH TIES
    C.course_name,
    CAST(SUM(CASE WHEN E.status = 'Failed' THEN 1 ELSE 0 END) AS FLOAT) 
        * 100.0 / COUNT(E.enrollment_id) AS failure_rate
FROM 
    Enrollments AS E
JOIN 
    ClassCourse AS CC ON E.class_course_id = CC.class_course_id
JOIN 
    Courses AS C ON CC.course_id = C.course_id
WHERE
    E.status IN ('Passed', 'Failed')
GROUP BY
    C.course_name
ORDER BY
    failure_rate DESC;","[
    {
        ""course_name"": ""Database Systems"",
        ""failure_rate"": 25.0
    },
    {
        ""course_name"": ""Data Structures and Algorithms"",
        ""failure_rate"": 23.529411764705884
    },
    {
        ""course_name"": ""Programming Fundamentals"",
        ""failure_rate"": 23.076923076923077
    }
]","Role: Training Manager, ID: TM001"
"List all students who have failed 2 or more courses, showing their full name, major, and the total count of failed courses.","SELECT
  U.fullname,
  M.major_name,
  COUNT(E.enrollment_id) AS number_of_failed_courses
FROM Enrollments AS E
JOIN Students AS S
  ON E.student_id = S.student_id
JOIN Users AS U
  ON S.student_id = U.user_id
JOIN Majors AS M
  ON S.major_id = M.major_id
WHERE
  E.status = 'Failed'
GROUP BY
  U.fullname,
  M.major_name
HAVING
  COUNT(E.enrollment_id) >= 2;","[
    {
        ""fullname"": ""Lý Hoàng Nam"",
        ""major_name"": ""Computer Science"",
        ""number_of_failed_courses"": 2
    },
    {
        ""fullname"": ""Vương Thị Uyên"",
        ""major_name"": ""Information Assurance"",
        ""number_of_failed_courses"": 2
    }
]","Role: Training Manager, ID: TM001"
What are my detailed grades for the 'Artificial Intelligence and Machine Learning' course in this semester?,"SELECT
    T3.grade_name,
    T1.grade_value,
    T1.comment
FROM StudentGradeDetails AS T1
INNER JOIN Enrollments AS T2
    ON T1.enrollment_id = T2.enrollment_id
INNER JOIN CourseGrade AS T3
    ON T1.course_grade_id = T3.course_grade_id
INNER JOIN ClassCourse AS T4
    ON T2.class_course_id = T4.class_course_id
INNER JOIN Courses AS T5
    ON T4.course_id = T5.course_id
WHERE
    T4.semester = 'SU24'
    AND T2.student_id = 'HE00001'
    AND T5.course_name = 'Artificial Intelligence and Machine Learning';","[
    {
        ""grade_name"": ""Assignment 1"",
        ""grade_value"": 9.0,
        ""comment"": ""Grade Recorded""
    },
    {
        ""grade_name"": ""Assignment 2"",
        ""grade_value"": 7.5,
        ""comment"": ""Grade Recorded""
    },
    {
        ""grade_name"": ""Final Exam"",
        ""grade_value"": null,
        ""comment"": ""Awaiting Grade""
    },
    {
        ""grade_name"": ""Final Resit"",
        ""grade_value"": null,
        ""comment"": ""Awaiting Grade""
    },
    {
        ""grade_name"": ""Lab 1"",
        ""grade_value"": 8.0,
        ""comment"": ""Grade Recorded""
    },
    {
        ""grade_name"": ""Progress Test 1"",
        ""grade_value"": null,
        ""comment"": ""Awaiting Grade""
    },
    {
        ""grade_name"": ""Progress Test 2"",
        ""grade_value"": null,
        ""comment"": ""Awaiting Grade""
    }
]","Role: Student, ID: HE00001"
Which lecturers are teaching more than one courses in the SU24 semester? Show me their full name and the number of courses they are teaching.,"SELECT
  U.fullname,
  COUNT(CC.course_id) AS number_of_courses
FROM Users AS U
JOIN Lecturers AS L
  ON U.user_id = L.lecturer_id
JOIN ClassCourse AS CC
  ON L.lecturer_id = CC.lecturer_id
WHERE
  CC.semester = 'SU24'
GROUP BY
  U.fullname
HAVING
  COUNT(CC.course_id) > 1;","[
    {
        ""fullname"": ""Lê Hoàng Long"",
        ""number_of_courses"": 2
    },
    {
        ""fullname"": ""Nguyễn Thị Hoàng"",
        ""number_of_courses"": 2
    },
    {
        ""fullname"": ""Nguyễn Văn Bình"",
        ""number_of_courses"": 2
    },
    {
        ""fullname"": ""Phạm Hoài Linh"",
        ""number_of_courses"": 2
    },
    {
        ""fullname"": ""Trần Đức Trung"",
        ""number_of_courses"": 2
    },
    {
        ""fullname"": ""Vũ Phương Quyên"",
        ""number_of_courses"": 2
    }
]","Role: Training Manager, ID: TM001"
